"Series Description","4-week Treasury bill secondary market rate   discount basis"
"Unit:","Percent:_Per_Year"
"Multiplier:","1"
"Currency:","NA"
"Unique Identifier: ","H15/H15/RIFSGFSW04_N.B"
"Time Period","RIFSGFSW04_N.B"
2001-07-31,3.61
2001-08-01,3.60
2001-08-02,3.60
2001-08-03,3.58
2001-08-06,3.58
2001-08-07,3.57
2001-08-08,3.56
2001-08-09,3.56
2001-08-10,3.54
2001-08-13,3.53
2001-08-14,3.48
2001-08-15,3.47
2001-08-16,3.43
2001-08-17,3.41
2001-08-20,3.43
2001-08-21,3.41
2001-08-22,3.41
2001-08-23,3.44
2001-08-24,3.44
2001-08-27,3.47
2001-08-28,3.47
2001-08-29,3.43
2001-08-30,3.36
2001-08-31,3.35
2001-09-03,ND
2001-09-04,3.38
2001-09-05,3.43
2001-09-06,3.39
2001-09-07,3.35
2001-09-10,3.36
2001-09-11,ND
2001-09-12,ND
2001-09-13,2.69
2001-09-14,2.48
2001-09-17,2.40
2001-09-18,2.30
2001-09-19,1.97
2001-09-20,2.00
2001-09-21,2.08
2001-09-24,2.35
2001-09-25,2.54
2001-09-26,2.47
2001-09-27,2.30
2001-09-28,2.24
2001-10-01,2.21
2001-10-02,2.24
2001-10-03,2.17
2001-10-04,2.19
2001-10-05,2.18
2001-10-08,ND
2001-10-09,2.21
2001-10-10,2.27
2001-10-11,2.27
2001-10-12,2.28
2001-10-15,2.31
2001-10-16,2.29
2001-10-17,2.31
2001-10-18,2.25
2001-10-19,2.27
2001-10-22,2.27
2001-10-23,2.28
2001-10-24,2.27
2001-10-25,2.24
2001-10-26,2.23
2001-10-29,2.23
2001-10-30,2.14
2001-10-31,2.12
2001-11-01,2.15
2001-11-02,2.06
2001-11-05,2.03
2001-11-06,1.95
2001-11-07,1.90
2001-11-08,1.90
2001-11-09,1.90
2001-11-12,ND
2001-11-13,1.93
2001-11-14,1.96
2001-11-15,1.96
2001-11-16,1.99
2001-11-19,2.00
2001-11-20,1.99
2001-11-21,1.97
2001-11-22,ND
2001-11-23,1.98
2001-11-26,1.98
2001-11-27,1.98
2001-11-28,1.93
2001-11-29,1.88
2001-11-30,1.85
2001-12-03,1.83
2001-12-04,1.78
2001-12-05,1.74
2001-12-06,1.70
2001-12-07,1.66
2001-12-10,1.65
2001-12-11,1.64
2001-12-12,1.67
2001-12-13,1.67
2001-12-14,1.67
2001-12-17,1.69
2001-12-18,1.69
2001-12-19,1.66
2001-12-20,1.64
2001-12-21,1.64
2001-12-24,1.63
2001-12-25,ND
2001-12-26,1.74
2001-12-27,1.72
2001-12-28,1.70
2001-12-31,1.65
2002-01-01,ND
2002-01-02,1.70
2002-01-03,1.70
2002-01-04,1.69
2002-01-07,1.68
2002-01-08,1.67
2002-01-09,1.65
2002-01-10,1.64
2002-01-11,1.60
2002-01-14,1.60
2002-01-15,1.62
2002-01-16,1.60
2002-01-17,1.57
2002-01-18,1.57
2002-01-21,ND
2002-01-22,1.64
2002-01-23,1.67
2002-01-24,1.66
2002-01-25,1.66
2002-01-28,1.68
2002-01-29,1.69
2002-01-30,1.67
2002-01-31,1.66
2002-02-01,1.66
2002-02-04,1.67
2002-02-05,1.71
2002-02-06,1.70
2002-02-07,1.68
2002-02-08,1.66
2002-02-11,1.70
2002-02-12,1.73
2002-02-13,1.72
2002-02-14,1.72
2002-02-15,1.69
2002-02-18,ND
2002-02-19,1.70
2002-02-20,1.72
2002-02-21,1.73
2002-02-22,1.72
2002-02-25,1.73
2002-02-26,1.75
2002-02-27,1.74
2002-02-28,1.73
2002-03-01,1.75
2002-03-04,1.74
2002-03-05,1.75
2002-03-06,1.74
2002-03-07,1.74
2002-03-08,1.74
2002-03-11,1.77
2002-03-12,1.79
2002-03-13,1.77
2002-03-14,1.76
2002-03-15,1.76
2002-03-18,1.74
2002-03-19,1.78
2002-03-20,1.76
2002-03-21,1.75
2002-03-22,1.75
2002-03-25,1.75
2002-03-26,1.79
2002-03-27,1.74
2002-03-28,1.73
2002-03-29,ND
2002-04-01,1.76
2002-04-02,1.76
2002-04-03,1.74
2002-04-04,1.74
2002-04-05,1.73
2002-04-08,1.73
2002-04-09,1.70
2002-04-10,1.69
2002-04-11,1.69
2002-04-12,1.69
2002-04-15,1.68
2002-04-16,1.68
2002-04-17,1.68
2002-04-18,1.67
2002-04-19,1.66
2002-04-22,1.64
2002-04-23,1.65
2002-04-24,1.64
2002-04-25,1.65
2002-04-26,1.65
2002-04-29,1.70
2002-04-30,1.74
2002-05-01,1.73
2002-05-02,1.71
2002-05-03,1.70
2002-05-06,1.71
2002-05-07,1.74
2002-05-08,1.73
2002-05-09,1.71
2002-05-10,1.70
2002-05-13,1.74
2002-05-14,1.75
2002-05-15,1.73
2002-05-16,1.71
2002-05-17,1.70
2002-05-20,1.70
2002-05-21,1.70
2002-05-22,1.69
2002-05-23,1.70
2002-05-24,1.68
2002-05-27,ND
2002-05-28,1.71
2002-05-29,1.70
2002-05-30,1.70
2002-05-31,1.69
2002-06-03,1.69
2002-06-04,1.70
2002-06-05,1.72
2002-06-06,1.71
2002-06-07,1.71
2002-06-10,1.72
2002-06-11,1.72
2002-06-12,1.71
2002-06-13,1.68
2002-06-14,1.68
2002-06-17,1.67
2002-06-18,1.67
2002-06-19,1.66
2002-06-20,1.65
2002-06-21,1.65
2002-06-24,1.63
2002-06-25,1.71
2002-06-26,1.69
2002-06-27,1.67
2002-06-28,1.66
2002-07-01,1.68
2002-07-02,1.69
2002-07-03,1.68
2002-07-04,ND
2002-07-05,1.68
2002-07-08,1.70
2002-07-09,1.69
2002-07-10,1.70
2002-07-11,1.69
2002-07-12,1.68
2002-07-15,1.68
2002-07-16,1.71
2002-07-17,1.69
2002-07-18,1.69
2002-07-19,1.69
2002-07-22,1.69
2002-07-23,1.70
2002-07-24,1.67
2002-07-25,1.68
2002-07-26,1.69
2002-07-29,1.70
2002-07-30,1.70
2002-07-31,1.70
2002-08-01,1.68
2002-08-02,1.64
2002-08-05,1.66
2002-08-06,1.69
2002-08-07,1.64
2002-08-08,1.65
2002-08-09,1.64
2002-08-12,1.65
2002-08-13,1.66
2002-08-14,1.66
2002-08-15,1.64
2002-08-16,1.64
2002-08-19,1.65
2002-08-20,1.67
2002-08-21,1.66
2002-08-22,1.64
2002-08-23,1.64
2002-08-26,1.65
2002-08-27,1.67
2002-08-28,1.69
2002-08-29,1.69
2002-08-30,1.68
2002-09-02,ND
2002-09-03,1.67
2002-09-04,1.67
2002-09-05,1.64
2002-09-06,1.66
2002-09-09,1.68
2002-09-10,1.69
2002-09-11,1.68
2002-09-12,1.67
2002-09-13,1.65
2002-09-16,1.66
2002-09-17,1.67
2002-09-18,1.67
2002-09-19,1.61
2002-09-20,1.61
2002-09-23,1.63
2002-09-24,1.65
2002-09-25,1.65
2002-09-26,1.64
2002-09-27,1.61
2002-09-30,1.58
2002-10-01,1.61
2002-10-02,1.59
2002-10-03,1.56
2002-10-04,1.58
2002-10-07,1.59
2002-10-08,1.60
2002-10-09,1.58
2002-10-10,1.57
2002-10-11,1.57
2002-10-14,ND
2002-10-15,1.63
2002-10-16,1.64
2002-10-17,1.63
2002-10-18,1.63
2002-10-21,1.66
2002-10-22,1.68
2002-10-23,1.66
2002-10-24,1.62
2002-10-25,1.61
2002-10-28,1.57
2002-10-29,1.56
2002-10-30,1.54
2002-10-31,1.46
2002-11-01,1.42
2002-11-04,1.42
2002-11-05,1.42
2002-11-06,1.22
2002-11-07,1.18
2002-11-08,1.17
2002-11-11,ND
2002-11-12,1.18
2002-11-13,1.20
2002-11-14,1.20
2002-11-15,1.21
2002-11-18,1.22
2002-11-19,1.21
2002-11-20,1.20
2002-11-21,1.21
2002-11-22,1.21
2002-11-25,1.22
2002-11-26,1.25
2002-11-27,1.26
2002-11-28,ND
2002-11-29,1.23
2002-12-02,1.24
2002-12-03,1.21
2002-12-04,1.21
2002-12-05,1.21
2002-12-06,1.21
2002-12-09,1.22
2002-12-10,1.21
2002-12-11,1.21
2002-12-12,1.18
2002-12-13,1.18
2002-12-16,1.18
2002-12-17,1.20
2002-12-18,1.18
2002-12-19,1.17
2002-12-20,1.16
2002-12-23,1.13
2002-12-24,1.15
2002-12-25,ND
2002-12-26,1.12
2002-12-27,1.05
2002-12-30,1.12
2002-12-31,1.18
2003-01-01,ND
2003-01-02,1.16
2003-01-03,1.16
2003-01-06,1.15
2003-01-07,1.15
2003-01-08,1.15
2003-01-09,1.16
2003-01-10,1.15
2003-01-13,1.15
2003-01-14,1.16
2003-01-15,1.15
2003-01-16,1.15
2003-01-17,1.15
2003-01-20,ND
2003-01-21,1.15
2003-01-22,1.15
2003-01-23,1.14
2003-01-24,1.12
2003-01-27,1.13
2003-01-28,1.17
2003-01-29,1.16
2003-01-30,1.15
2003-01-31,1.15
2003-02-03,1.14
2003-02-04,1.16
2003-02-05,1.16
2003-02-06,1.15
2003-02-07,1.15
2003-02-10,1.15
2003-02-11,1.17
2003-02-12,1.16
2003-02-13,1.16
2003-02-14,1.17
2003-02-17,ND
2003-02-18,1.17
2003-02-19,1.17
2003-02-20,1.17
2003-02-21,1.18
2003-02-24,1.19
2003-02-25,1.23
2003-02-26,1.24
2003-02-27,1.22
2003-02-28,1.19
2003-03-03,1.18
2003-03-04,1.21
2003-03-05,1.19
2003-03-06,1.18
2003-03-07,1.14
2003-03-10,1.12
2003-03-11,1.13
2003-03-12,1.13
2003-03-13,1.13
2003-03-14,1.12
2003-03-17,1.14
2003-03-18,1.17
2003-03-19,1.17
2003-03-20,1.17
2003-03-21,1.16
2003-03-24,1.16
2003-03-25,1.19
2003-03-26,1.17
2003-03-27,1.16
2003-03-28,1.13
2003-03-31,1.14
2003-04-01,1.15
2003-04-02,1.15
2003-04-03,1.15
2003-04-04,1.15
2003-04-07,1.17
2003-04-08,1.17
2003-04-09,1.15
2003-04-10,1.16
2003-04-11,1.16
2003-04-14,1.17
2003-04-15,1.15
2003-04-16,1.13
2003-04-17,1.12
2003-04-18,ND
2003-04-21,1.12
2003-04-22,1.12
2003-04-23,1.12
2003-04-24,1.11
2003-04-25,1.11
2003-04-28,1.11
2003-04-29,1.12
2003-04-30,1.11
2003-05-01,1.07
2003-05-02,1.05
2003-05-05,1.06
2003-05-06,1.07
2003-05-07,1.06
2003-05-08,1.04
2003-05-09,1.05
2003-05-12,1.05
2003-05-13,1.00
2003-05-14,0.93
2003-05-15,0.96
2003-05-16,0.96
2003-05-19,0.99
2003-05-20,1.00
2003-05-21,1.12
2003-05-22,1.11
2003-05-23,1.13
2003-05-26,ND
2003-05-27,1.15
2003-05-28,1.19
2003-05-29,1.17
2003-05-30,1.15
2003-06-02,1.15
2003-06-03,1.15
2003-06-04,1.13
2003-06-05,1.10
2003-06-06,1.13
2003-06-09,1.14
2003-06-10,1.08
2003-06-11,1.05
2003-06-12,1.01
2003-06-13,0.91
2003-06-16,0.92
2003-06-17,0.91
2003-06-18,0.89
2003-06-19,0.82
2003-06-20,0.80
2003-06-23,0.82
2003-06-24,0.81
2003-06-25,0.90
2003-06-26,0.84
2003-06-27,0.78
2003-06-30,0.78
2003-07-01,0.87
2003-07-02,0.86
2003-07-03,0.86
2003-07-04,ND
2003-07-07,0.88
2003-07-08,0.90
2003-07-09,0.88
2003-07-10,0.87
2003-07-11,0.87
2003-07-14,0.86
2003-07-15,0.86
2003-07-16,0.83
2003-07-17,0.82
2003-07-18,0.82
2003-07-21,0.84
2003-07-22,0.87
2003-07-23,0.88
2003-07-24,0.89
2003-07-25,0.90
2003-07-28,0.95
2003-07-29,0.97
2003-07-30,0.92
2003-07-31,0.89
2003-08-01,0.89
2003-08-04,0.89
2003-08-05,0.91
2003-08-06,0.90
2003-08-07,0.89
2003-08-08,0.89
2003-08-11,0.90
2003-08-12,0.91
2003-08-13,0.93
2003-08-14,0.94
2003-08-15,0.90
2003-08-18,0.95
2003-08-19,0.94
2003-08-20,0.92
2003-08-21,0.93
2003-08-22,0.94
2003-08-25,0.95
2003-08-26,0.99
2003-08-27,0.98
2003-08-28,0.97
2003-08-29,0.96
2003-09-01,ND
2003-09-02,0.96
2003-09-03,0.96
2003-09-04,0.94
2003-09-05,0.93
2003-09-08,0.93
2003-09-09,0.93
2003-09-10,0.92
2003-09-11,0.91
2003-09-12,0.89
2003-09-15,0.89
2003-09-16,0.89
2003-09-17,0.88
2003-09-18,0.87
2003-09-19,0.86
2003-09-22,0.86
2003-09-23,0.87
2003-09-24,0.87
2003-09-25,0.86
2003-09-26,0.85
2003-09-29,0.84
2003-09-30,0.86
2003-10-01,0.86
2003-10-02,0.84
2003-10-03,0.85
2003-10-06,0.85
2003-10-07,0.83
2003-10-08,0.86
2003-10-09,0.88
2003-10-10,0.87
2003-10-13,ND
2003-10-14,0.87
2003-10-15,0.88
2003-10-16,0.88
2003-10-17,0.88
2003-10-20,0.88
2003-10-21,0.90
2003-10-22,0.90
2003-10-23,0.90
2003-10-24,0.90
2003-10-27,0.93
2003-10-28,0.96
2003-10-29,0.96
2003-10-30,0.95
2003-10-31,0.94
2003-11-03,0.95
2003-11-04,0.95
2003-11-05,0.94
2003-11-06,0.93
2003-11-07,0.93
2003-11-10,0.90
2003-11-11,ND
2003-11-12,0.90
2003-11-13,0.89
2003-11-14,0.90
2003-11-17,0.91
2003-11-18,0.93
2003-11-19,0.92
2003-11-20,0.91
2003-11-21,0.91
2003-11-24,0.92
2003-11-25,0.95
2003-11-26,0.95
2003-11-27,ND
2003-11-28,0.94
2003-12-01,0.95
2003-12-02,0.94
2003-12-03,0.94
2003-12-04,0.92
2003-12-05,0.92
2003-12-08,0.92
2003-12-09,0.91
2003-12-10,0.90
2003-12-11,0.86
2003-12-12,0.86
2003-12-15,0.85
2003-12-16,0.86
2003-12-17,0.83
2003-12-18,0.84
2003-12-19,0.86
2003-12-22,0.86
2003-12-23,0.87
2003-12-24,0.86
2003-12-25,ND
2003-12-26,0.74
2003-12-29,0.76
2003-12-30,0.86
2003-12-31,0.88
2004-01-01,ND
2004-01-02,0.86
2004-01-05,0.87
2004-01-06,0.86
2004-01-07,0.86
2004-01-08,0.86
2004-01-09,0.86
2004-01-12,0.86
2004-01-13,0.85
2004-01-14,0.84
2004-01-15,0.80
2004-01-16,0.78
2004-01-19,ND
2004-01-20,0.77
2004-01-21,0.80
2004-01-22,0.72
2004-01-23,0.77
2004-01-26,0.79
2004-01-27,0.87
2004-01-28,0.87
2004-01-29,0.85
2004-01-30,0.83
2004-02-02,0.85
2004-02-03,0.91
2004-02-04,0.89
2004-02-05,0.87
2004-02-06,0.87
2004-02-09,0.87
2004-02-10,0.89
2004-02-11,0.87
2004-02-12,0.88
2004-02-13,0.88
2004-02-16,ND
2004-02-17,0.88
2004-02-18,0.91
2004-02-19,0.91
2004-02-20,0.91
2004-02-23,0.93
2004-02-24,0.95
2004-02-25,0.94
2004-02-26,0.95
2004-02-27,0.93
2004-03-01,0.95
2004-03-02,0.97
2004-03-03,0.96
2004-03-04,0.96
2004-03-05,0.94
2004-03-08,0.94
2004-03-09,0.97
2004-03-10,0.96
2004-03-11,0.95
2004-03-12,0.95
2004-03-15,0.93
2004-03-16,0.96
2004-03-17,0.93
2004-03-18,0.92
2004-03-19,0.92
2004-03-22,0.93
2004-03-23,0.95
2004-03-24,0.94
2004-03-25,0.94
2004-03-26,0.93
2004-03-29,0.94
2004-03-30,0.96
2004-03-31,0.95
2004-04-01,0.94
2004-04-02,0.92
2004-04-05,0.93
2004-04-06,0.93
2004-04-07,0.93
2004-04-08,0.92
2004-04-09,ND
2004-04-12,0.91
2004-04-13,0.90
2004-04-14,0.91
2004-04-15,0.91
2004-04-16,0.90
2004-04-19,0.90
2004-04-20,0.92
2004-04-21,0.92
2004-04-22,0.79
2004-04-23,0.85
2004-04-26,0.86
2004-04-27,0.90
2004-04-28,0.86
2004-04-29,0.83
2004-04-30,0.81
2004-05-03,0.80
2004-05-04,0.92
2004-05-05,0.89
2004-05-06,0.87
2004-05-07,0.88
2004-05-10,0.86
2004-05-11,0.90
2004-05-12,0.88
2004-05-13,0.86
2004-05-14,0.85
2004-05-17,0.87
2004-05-18,0.90
2004-05-19,0.89
2004-05-20,0.88
2004-05-21,0.89
2004-05-24,0.89
2004-05-25,0.93
2004-05-26,0.92
2004-05-27,0.92
2004-05-28,0.92
2004-05-31,ND
2004-06-01,0.93
2004-06-02,0.95
2004-06-03,0.94
2004-06-04,0.93
2004-06-07,0.93
2004-06-08,1.02
2004-06-09,1.01
2004-06-10,1.00
2004-06-11,ND
2004-06-14,1.02
2004-06-15,1.07
2004-06-16,1.03
2004-06-17,1.00
2004-06-18,1.00
2004-06-21,0.99
2004-06-22,1.06
2004-06-23,1.06
2004-06-24,1.08
2004-06-25,1.08
2004-06-28,1.08
2004-06-29,1.17
2004-06-30,1.15
2004-07-01,0.99
2004-07-02,1.04
2004-07-05,ND
2004-07-06,1.07
2004-07-07,1.14
2004-07-08,1.12
2004-07-09,1.12
2004-07-12,1.13
2004-07-13,1.17
2004-07-14,1.15
2004-07-15,1.12
2004-07-16,1.12
2004-07-19,1.12
2004-07-20,1.20
2004-07-21,1.19
2004-07-22,1.19
2004-07-23,1.20
2004-07-26,1.26
2004-07-27,1.33
2004-07-28,1.30
2004-07-29,1.26
2004-07-30,1.24
2004-08-02,1.24
2004-08-03,1.35
2004-08-04,1.32
2004-08-05,1.31
2004-08-06,1.34
2004-08-09,1.37
2004-08-10,1.40
2004-08-11,1.38
2004-08-12,1.29
2004-08-13,1.30
2004-08-16,1.33
2004-08-17,1.36
2004-08-18,1.35
2004-08-19,1.32
2004-08-20,1.31
2004-08-23,1.29
2004-08-24,1.37
2004-08-25,1.35
2004-08-26,1.37
2004-08-27,1.40
2004-08-30,1.41
2004-08-31,1.43
2004-09-01,1.41
2004-09-02,1.43
2004-09-03,1.46
2004-09-06,ND
2004-09-07,1.49
2004-09-08,1.55
2004-09-09,1.55
2004-09-10,1.58
2004-09-13,1.56
2004-09-14,1.55
2004-09-15,1.54
2004-09-16,1.52
2004-09-17,1.55
2004-09-20,1.57
2004-09-21,1.60
2004-09-22,1.50
2004-09-23,1.50
2004-09-24,1.50
2004-09-27,1.55
2004-09-28,1.60
2004-09-29,1.49
2004-09-30,1.44
2004-10-01,1.49
2004-10-04,1.50
2004-10-05,1.54
2004-10-06,1.53
2004-10-07,1.53
2004-10-08,1.53
2004-10-11,ND
2004-10-12,1.55
2004-10-13,1.56
2004-10-14,1.57
2004-10-15,1.56
2004-10-18,1.56
2004-10-19,1.60
2004-10-20,1.59
2004-10-21,1.60
2004-10-22,1.61
2004-10-25,1.68
2004-10-26,1.79
2004-10-27,1.75
2004-10-28,1.68
2004-10-29,1.70
2004-11-01,1.74
2004-11-02,1.83
2004-11-03,1.80
2004-11-04,1.82
2004-11-05,1.82
2004-11-08,1.83
2004-11-09,1.86
2004-11-10,1.85
2004-11-11,ND
2004-11-12,1.87
2004-11-15,1.87
2004-11-16,1.87
2004-11-17,1.84
2004-11-18,1.84
2004-11-19,1.94
2004-11-22,1.93
2004-11-23,1.96
2004-11-24,1.95
2004-11-25,ND
2004-11-26,1.97
2004-11-29,1.97
2004-11-30,2.04
2004-12-01,2.02
2004-12-02,2.02
2004-12-03,2.02
2004-12-06,2.04
2004-12-07,2.05
2004-12-08,2.04
2004-12-09,2.03
2004-12-10,2.03
2004-12-13,1.98
2004-12-14,1.98
2004-12-15,1.94
2004-12-16,1.89
2004-12-17,1.90
2004-12-20,1.91
2004-12-21,1.89
2004-12-22,1.80
2004-12-23,1.78
2004-12-24,ND
2004-12-27,1.82
2004-12-28,1.84
2004-12-29,1.71
2004-12-30,1.62
2004-12-31,1.84
2005-01-03,1.91
2005-01-04,2.01
2005-01-05,2.00
2005-01-06,1.99
2005-01-07,1.98
2005-01-10,2.00
2005-01-11,1.99
2005-01-12,1.97
2005-01-13,2.01
2005-01-14,2.00
2005-01-17,ND
2005-01-18,1.96
2005-01-19,1.90
2005-01-20,1.83
2005-01-21,1.96
2005-01-24,1.97
2005-01-25,2.09
2005-01-26,2.12
2005-01-27,2.11
2005-01-28,2.06
2005-01-31,1.99
2005-02-01,2.20
2005-02-02,2.19
2005-02-03,2.15
2005-02-04,2.16
2005-02-07,2.22
2005-02-08,2.30
2005-02-09,2.30
2005-02-10,2.31
2005-02-11,2.32
2005-02-14,2.32
2005-02-15,2.36
2005-02-16,2.35
2005-02-17,2.36
2005-02-18,2.35
2005-02-21,ND
2005-02-22,2.37
2005-02-23,2.43
2005-02-24,2.44
2005-02-25,2.46
2005-02-28,2.45
2005-03-01,2.51
2005-03-02,2.49
2005-03-03,2.50
2005-03-04,2.51
2005-03-07,2.53
2005-03-08,2.57
2005-03-09,2.55
2005-03-10,2.55
2005-03-11,2.55
2005-03-14,2.56
2005-03-15,2.66
2005-03-16,2.64
2005-03-17,2.63
2005-03-18,2.65
2005-03-21,2.66
2005-03-22,2.72
2005-03-23,2.68
2005-03-24,2.65
2005-03-25,ND
2005-03-28,2.64
2005-03-29,2.66
2005-03-30,2.66
2005-03-31,2.58
2005-04-01,2.61
2005-04-04,2.59
2005-04-05,2.59
2005-04-06,2.56
2005-04-07,2.57
2005-04-08,2.56
2005-04-11,2.55
2005-04-12,2.58
2005-04-13,2.58
2005-04-14,2.58
2005-04-15,2.58
2005-04-18,2.60
2005-04-19,2.69
2005-04-20,2.60
2005-04-21,2.54
2005-04-22,2.58
2005-04-25,2.60
2005-04-26,2.66
2005-04-27,2.60
2005-04-28,2.55
2005-04-29,2.65
2005-05-02,2.60
2005-05-03,2.60
2005-05-04,2.54
2005-05-05,2.55
2005-05-06,2.59
2005-05-09,2.59
2005-05-10,2.55
2005-05-11,2.55
2005-05-12,2.52
2005-05-13,2.40
2005-05-16,2.38
2005-05-17,2.55
2005-05-18,2.55
2005-05-19,2.58
2005-05-20,2.60
2005-05-23,2.61
2005-05-24,2.77
2005-05-25,2.74
2005-05-26,2.72
2005-05-27,2.71
2005-05-30,ND
2005-05-31,2.73
2005-06-01,2.74
2005-06-02,2.75
2005-06-03,2.76
2005-06-06,2.76
2005-06-07,2.78
2005-06-08,2.78
2005-06-09,2.76
2005-06-10,2.76
2005-06-13,2.75
2005-06-14,2.74
2005-06-15,2.73
2005-06-16,2.71
2005-06-17,2.74
2005-06-20,2.74
2005-06-21,2.80
2005-06-22,2.79
2005-06-23,2.73
2005-06-24,2.72
2005-06-27,2.77
2005-06-28,2.94
2005-06-29,2.90
2005-06-30,2.94
2005-07-01,2.96
2005-07-04,ND
2005-07-05,2.96
2005-07-06,2.99
2005-07-07,2.94
2005-07-08,2.93
2005-07-11,2.91
2005-07-12,2.97
2005-07-13,2.97
2005-07-14,2.98
2005-07-15,2.98
2005-07-18,2.98
2005-07-19,3.08
2005-07-20,3.05
2005-07-21,3.07
2005-07-22,3.09
2005-07-25,3.12
2005-07-26,3.19
2005-07-27,3.17
2005-07-28,3.19
2005-07-29,3.19
2005-08-01,3.23
2005-08-02,3.29
2005-08-03,3.28
2005-08-04,3.28
2005-08-05,3.29
2005-08-08,3.31
2005-08-09,3.31
2005-08-10,3.32
2005-08-11,3.25
2005-08-12,3.25
2005-08-15,3.19
2005-08-16,3.26
2005-08-17,3.25
2005-08-18,3.24
2005-08-19,3.26
2005-08-22,3.27
2005-08-23,3.28
2005-08-24,3.28
2005-08-25,3.28
2005-08-26,3.29
2005-08-29,3.36
2005-08-30,3.34
2005-08-31,3.35
2005-09-01,3.29
2005-09-02,3.32
2005-09-05,ND
2005-09-06,3.32
2005-09-07,3.30
2005-09-08,3.25
2005-09-09,3.26
2005-09-12,3.26
2005-09-13,3.25
2005-09-14,3.20
2005-09-15,3.17
2005-09-16,3.16
2005-09-19,3.14
2005-09-20,3.24
2005-09-21,2.96
2005-09-22,2.92
2005-09-23,2.99
2005-09-26,3.10
2005-09-27,3.10
2005-09-28,3.06
2005-09-29,3.02
2005-09-30,3.08
2005-10-03,3.12
2005-10-04,3.29
2005-10-05,3.28
2005-10-06,3.27
2005-10-07,3.28
2005-10-10,ND
2005-10-11,3.31
2005-10-12,3.43
2005-10-13,3.43
2005-10-14,3.41
2005-10-17,3.43
2005-10-18,3.51
2005-10-19,3.50
2005-10-20,3.38
2005-10-21,3.39
2005-10-24,3.40
2005-10-25,3.65
2005-10-26,3.64
2005-10-27,3.65
2005-10-28,3.68
2005-10-31,3.69
2005-11-01,3.72
2005-11-02,3.71
2005-11-03,3.74
2005-11-04,3.73
2005-11-07,3.74
2005-11-08,3.82
2005-11-09,3.84
2005-11-10,3.83
2005-11-11,ND
2005-11-14,3.86
2005-11-15,3.94
2005-11-16,3.93
2005-11-17,3.91
2005-11-18,3.89
2005-11-21,3.87
2005-11-22,3.87
2005-11-23,3.87
2005-11-24,ND
2005-11-25,3.85
2005-11-28,3.88
2005-11-29,3.92
2005-11-30,3.93
2005-12-01,3.93
2005-12-02,3.94
2005-12-05,3.95
2005-12-06,3.77
2005-12-07,3.77
2005-12-08,3.60
2005-12-09,3.54
2005-12-12,3.49
2005-12-13,3.55
2005-12-14,3.54
2005-12-15,3.52
2005-12-16,3.47
2005-12-19,3.45
2005-12-20,3.48
2005-12-21,3.48
2005-12-22,3.47
2005-12-23,3.38
2005-12-26,ND
2005-12-27,3.38
2005-12-28,3.50
2005-12-29,3.59
2005-12-30,3.94
2006-01-02,ND
2006-01-03,3.97
2006-01-04,3.96
2006-01-05,3.97
2006-01-06,3.98
2006-01-09,4.00
2006-01-10,4.08
2006-01-11,4.08
2006-01-12,4.08
2006-01-13,4.04
2006-01-16,ND
2006-01-17,3.99
2006-01-18,3.96
2006-01-19,3.89
2006-01-20,3.85
2006-01-23,3.85
2006-01-24,4.16
2006-01-25,4.14
2006-01-26,4.08
2006-01-27,4.10
2006-01-30,4.08
2006-01-31,4.30
2006-02-01,4.26
2006-02-02,4.25
2006-02-03,4.24
2006-02-06,4.24
2006-02-07,4.26
2006-02-08,4.27
2006-02-09,4.25
2006-02-10,4.28
2006-02-13,4.29
2006-02-14,4.34
2006-02-15,4.32
2006-02-16,4.31
2006-02-17,4.32
2006-02-20,ND
2006-02-21,4.33
2006-02-22,4.36
2006-02-23,4.36
2006-02-24,4.37
2006-02-27,4.40
2006-02-28,4.39
2006-03-01,4.37
2006-03-02,4.37
2006-03-03,4.36
2006-03-06,4.35
2006-03-07,4.39
2006-03-08,4.37
2006-03-09,4.36
2006-03-10,4.37
2006-03-13,4.36
2006-03-14,4.41
2006-03-15,4.42
2006-03-16,4.41
2006-03-17,4.42
2006-03-20,4.47
2006-03-21,4.59
2006-03-22,4.59
2006-03-23,4.58
2006-03-24,4.58
2006-03-27,4.60
2006-03-28,4.63
2006-03-29,4.61
2006-03-30,4.59
2006-03-31,4.57
2006-04-03,4.58
2006-04-04,4.56
2006-04-05,4.54
2006-04-06,4.57
2006-04-07,4.56
2006-04-10,4.56
2006-04-11,4.55
2006-04-12,4.54
2006-04-13,4.46
2006-04-14,ND
2006-04-17,4.46
2006-04-18,4.46
2006-04-19,4.46
2006-04-20,4.47
2006-04-21,4.49
2006-04-24,4.49
2006-04-25,4.55
2006-04-26,4.57
2006-04-27,4.56
2006-04-28,4.51
2006-05-01,4.51
2006-05-02,4.58
2006-05-03,4.56
2006-05-04,4.52
2006-05-05,4.52
2006-05-08,4.53
2006-05-09,4.64
2006-05-10,4.60
2006-05-11,4.55
2006-05-12,4.55
2006-05-15,4.58
2006-05-16,4.68
2006-05-17,4.67
2006-05-18,4.67
2006-05-19,4.67
2006-05-22,4.65
2006-05-23,4.67
2006-05-24,4.66
2006-05-25,4.66
2006-05-26,4.67
2006-05-29,ND
2006-05-30,4.67
2006-05-31,4.67
2006-06-01,4.67
2006-06-02,4.67
2006-06-05,4.68
2006-06-06,4.72
2006-06-07,4.71
2006-06-08,4.70
2006-06-09,4.70
2006-06-12,4.68
2006-06-13,4.64
2006-06-14,4.60
2006-06-15,4.51
2006-06-16,4.54
2006-06-19,4.57
2006-06-20,4.62
2006-06-21,4.58
2006-06-22,4.46
2006-06-23,4.51
2006-06-26,4.62
2006-06-27,4.78
2006-06-28,4.70
2006-06-29,4.59
2006-06-30,4.43
2006-07-03,4.55
2006-07-04,ND
2006-07-05,4.72
2006-07-06,4.71
2006-07-07,4.74
2006-07-10,4.75
2006-07-11,4.81
2006-07-12,4.83
2006-07-13,4.79
2006-07-14,4.77
2006-07-17,4.80
2006-07-18,4.85
2006-07-19,4.82
2006-07-20,4.77
2006-07-21,4.78
2006-07-24,4.80
2006-07-25,4.92
2006-07-26,4.91
2006-07-27,4.93
2006-07-28,4.89
2006-07-31,4.93
2006-08-01,5.11
2006-08-02,5.11
2006-08-03,5.10
2006-08-04,5.07
2006-08-07,5.10
2006-08-08,5.10
2006-08-09,5.05
2006-08-10,5.04
2006-08-11,5.04
2006-08-14,5.07
2006-08-15,5.09
2006-08-16,5.07
2006-08-17,5.07
2006-08-18,5.05
2006-08-21,5.07
2006-08-22,5.08
2006-08-23,5.08
2006-08-24,5.08
2006-08-25,5.09
2006-08-28,5.10
2006-08-29,5.10
2006-08-30,5.08
2006-08-31,5.03
2006-09-01,4.99
2006-09-04,ND
2006-09-05,4.88
2006-09-06,4.80
2006-09-07,4.80
2006-09-08,4.75
2006-09-11,4.76
2006-09-12,4.67
2006-09-13,4.69
2006-09-14,4.72
2006-09-15,4.68
2006-09-18,4.66
2006-09-19,4.64
2006-09-20,4.64
2006-09-21,4.63
2006-09-22,4.64
2006-09-25,4.62
2006-09-26,4.56
2006-09-27,4.51
2006-09-28,4.44
2006-09-29,4.50
2006-10-02,4.56
2006-10-03,4.62
2006-10-04,4.69
2006-10-05,4.72
2006-10-06,4.66
2006-10-09,ND
2006-10-10,4.70
2006-10-11,4.81
2006-10-12,4.84
2006-10-13,4.84
2006-10-16,4.92
2006-10-17,4.97
2006-10-18,4.96
2006-10-19,4.93
2006-10-20,4.91
2006-10-23,4.96
2006-10-24,5.06
2006-10-25,5.05
2006-10-26,5.07
2006-10-27,5.06
2006-10-30,5.07
2006-10-31,5.09
2006-11-01,5.10
2006-11-02,5.10
2006-11-03,5.10
2006-11-06,5.10
2006-11-07,5.11
2006-11-08,5.11
2006-11-09,5.11
2006-11-10,5.12
2006-11-13,5.10
2006-11-14,5.15
2006-11-15,5.15
2006-11-16,5.14
2006-11-17,5.11
2006-11-20,5.12
2006-11-21,5.17
2006-11-22,5.16
2006-11-23,ND
2006-11-24,5.14
2006-11-27,5.16
2006-11-28,5.18
2006-11-29,5.17
2006-11-30,5.14
2006-12-01,5.14
2006-12-04,5.07
2006-12-05,4.79
2006-12-06,4.82
2006-12-07,4.83
2006-12-08,4.80
2006-12-11,4.76
2006-12-12,4.78
2006-12-13,4.77
2006-12-14,4.78
2006-12-15,4.69
2006-12-18,4.70
2006-12-19,4.75
2006-12-20,4.78
2006-12-21,4.75
2006-12-22,4.73
2006-12-25,ND
2006-12-26,4.70
2006-12-27,4.66
2006-12-28,4.64
2006-12-29,4.65
2007-01-01,ND
2007-01-02,4.66
2007-01-03,4.75
2007-01-04,4.70
2007-01-05,4.71
2007-01-08,4.75
2007-01-09,4.81
2007-01-10,4.85
2007-01-11,4.89
2007-01-12,4.89
2007-01-15,ND
2007-01-16,4.90
2007-01-17,4.92
2007-01-18,4.87
2007-01-19,4.86
2007-01-22,4.87
2007-01-23,4.93
2007-01-24,4.90
2007-01-25,4.87
2007-01-26,4.84
2007-01-29,4.84
2007-01-30,4.90
2007-01-31,4.91
2007-02-01,4.90
2007-02-02,4.92
2007-02-05,4.97
2007-02-06,5.05
2007-02-07,5.06
2007-02-08,5.06
2007-02-09,5.06
2007-02-12,5.07
2007-02-13,5.15
2007-02-14,5.14
2007-02-15,5.14
2007-02-16,5.14
2007-02-19,ND
2007-02-20,5.15
2007-02-21,5.18
2007-02-22,5.17
2007-02-23,5.16
2007-02-26,5.15
2007-02-27,5.13
2007-02-28,5.13
2007-03-01,5.15
2007-03-02,5.14
2007-03-05,5.14
2007-03-06,5.15
2007-03-07,5.14
2007-03-08,5.14
2007-03-09,5.13
2007-03-12,5.14
2007-03-13,5.14
2007-03-14,5.14
2007-03-15,5.12
2007-03-16,5.09
2007-03-19,5.09
2007-03-20,5.13
2007-03-21,5.14
2007-03-22,5.14
2007-03-23,5.15
2007-03-26,5.14
2007-03-27,5.11
2007-03-28,5.08
2007-03-29,4.95
2007-03-30,4.97
2007-04-02,5.03
2007-04-03,5.06
2007-04-04,5.06
2007-04-05,5.00
2007-04-06,5.00
2007-04-09,4.99
2007-04-10,4.91
2007-04-11,4.91
2007-04-12,4.90
2007-04-13,4.88
2007-04-16,4.87
2007-04-17,4.85
2007-04-18,4.84
2007-04-19,4.83
2007-04-20,4.83
2007-04-23,4.83
2007-04-24,4.83
2007-04-25,4.84
2007-04-26,4.81
2007-04-27,4.75
2007-04-30,4.69
2007-05-01,4.59
2007-05-02,4.62
2007-05-03,4.64
2007-05-04,4.64
2007-05-07,4.65
2007-05-08,4.66
2007-05-09,4.65
2007-05-10,4.67
2007-05-11,4.65
2007-05-14,4.61
2007-05-15,4.69
2007-05-16,4.64
2007-05-17,4.70
2007-05-18,4.69
2007-05-21,4.76
2007-05-22,4.91
2007-05-23,4.90
2007-05-24,4.90
2007-05-25,4.88
2007-05-28,ND
2007-05-29,4.87
2007-05-30,4.85
2007-05-31,4.69
2007-06-01,4.71
2007-06-04,4.69
2007-06-05,4.66
2007-06-06,4.68
2007-06-07,4.70
2007-06-08,4.67
2007-06-11,4.61
2007-06-12,4.56
2007-06-13,4.53
2007-06-14,4.42
2007-06-15,4.37
2007-06-18,4.37
2007-06-19,4.35
2007-06-20,4.33
2007-06-21,4.07
2007-06-22,4.18
2007-06-25,4.30
2007-06-26,4.44
2007-06-27,4.15
2007-06-28,3.97
2007-06-29,4.16
2007-07-02,4.40
2007-07-03,4.67
2007-07-04,ND
2007-07-05,4.65
2007-07-06,4.60
2007-07-09,4.54
2007-07-10,4.64
2007-07-11,4.63
2007-07-12,4.62
2007-07-13,4.61
2007-07-16,4.62
2007-07-17,4.67
2007-07-18,4.67
2007-07-19,4.67
2007-07-20,4.65
2007-07-23,4.76
2007-07-24,4.95
2007-07-25,4.94
2007-07-26,4.89
2007-07-27,4.80
2007-07-30,4.85
2007-07-31,5.03
2007-08-01,4.96
2007-08-02,4.93
2007-08-03,4.85
2007-08-06,4.83
2007-08-07,4.95
2007-08-08,4.94
2007-08-09,4.60
2007-08-10,4.28
2007-08-13,4.51
2007-08-14,4.53
2007-08-15,4.10
2007-08-16,3.03
2007-08-17,2.91
2007-08-20,2.35
2007-08-21,3.10
2007-08-22,3.04
2007-08-23,3.71
2007-08-24,4.16
2007-08-27,4.67
2007-08-28,4.51
2007-08-29,3.94
2007-08-30,3.62
2007-08-31,3.95
2007-09-03,ND
2007-09-04,4.48
2007-09-05,4.32
2007-09-06,4.20
2007-09-07,3.95
2007-09-10,3.86
2007-09-11,4.05
2007-09-12,3.92
2007-09-13,3.96
2007-09-14,3.77
2007-09-17,3.71
2007-09-18,3.80
2007-09-19,3.54
2007-09-20,3.38
2007-09-21,3.15
2007-09-24,3.22
2007-09-25,3.28
2007-09-26,3.18
2007-09-27,3.22
2007-09-28,3.34
2007-10-01,3.39
2007-10-02,3.55
2007-10-03,3.59
2007-10-04,3.54
2007-10-05,3.48
2007-10-08,ND
2007-10-09,3.59
2007-10-10,3.73
2007-10-11,3.90
2007-10-12,4.04
2007-10-15,4.16
2007-10-16,4.06
2007-10-17,3.66
2007-10-18,3.12
2007-10-19,3.35
2007-10-22,3.58
2007-10-23,3.90
2007-10-24,3.76
2007-10-25,3.84
2007-10-26,3.90
2007-10-29,3.88
2007-10-30,3.95
2007-10-31,3.93
2007-11-01,3.83
2007-11-02,3.67
2007-11-05,3.81
2007-11-06,3.91
2007-11-07,3.71
2007-11-08,3.50
2007-11-09,3.37
2007-11-12,ND
2007-11-13,3.71
2007-11-14,3.80
2007-11-15,3.69
2007-11-16,3.74
2007-11-19,3.72
2007-11-20,3.58
2007-11-21,3.48
2007-11-22,ND
2007-11-23,3.61
2007-11-26,3.53
2007-11-27,3.61
2007-11-28,3.47
2007-11-29,3.34
2007-11-30,3.60
2007-12-03,3.57
2007-12-04,3.10
2007-12-05,3.10
2007-12-06,3.03
2007-12-07,2.98
2007-12-10,2.99
2007-12-11,2.84
2007-12-12,2.84
2007-12-13,2.64
2007-12-14,2.55
2007-12-17,2.69
2007-12-18,2.70
2007-12-19,2.60
2007-12-20,2.34
2007-12-21,2.35
2007-12-24,2.61
2007-12-25,ND
2007-12-26,2.97
2007-12-27,2.78
2007-12-28,2.47
2007-12-31,2.61
2008-01-01,ND
2008-01-02,3.02
2008-01-03,3.13
2008-01-04,3.16
2008-01-07,3.21
2008-01-08,3.25
2008-01-09,3.28
2008-01-10,3.32
2008-01-11,3.18
2008-01-14,3.14
2008-01-15,3.09
2008-01-16,3.08
2008-01-17,3.01
2008-01-18,2.56
2008-01-21,ND
2008-01-22,2.08
2008-01-23,2.03
2008-01-24,2.14
2008-01-25,2.01
2008-01-28,2.05
2008-01-29,2.09
2008-01-30,1.89
2008-01-31,1.60
2008-02-01,1.70
2008-02-04,2.10
2008-02-05,2.18
2008-02-06,2.08
2008-02-07,2.15
2008-02-08,2.20
2008-02-11,2.31
2008-02-12,2.50
2008-02-13,2.45
2008-02-14,2.46
2008-02-15,2.36
2008-02-18,ND
2008-02-19,2.34
2008-02-20,2.36
2008-02-21,2.31
2008-02-22,2.29
2008-02-25,2.31
2008-02-26,2.30
2008-02-27,2.17
2008-02-28,2.05
2008-02-29,2.04
2008-03-03,2.01
2008-03-04,1.99
2008-03-05,1.90
2008-03-06,1.73
2008-03-07,1.65
2008-03-10,1.66
2008-03-11,1.80
2008-03-12,1.67
2008-03-13,1.55
2008-03-14,1.18
2008-03-17,1.15
2008-03-18,0.70
2008-03-19,0.25
2008-03-20,0.35
2008-03-21,ND
2008-03-24,0.58
2008-03-25,1.45
2008-03-26,1.34
2008-03-27,1.30
2008-03-28,1.27
2008-03-31,1.18
2008-04-01,1.53
2008-04-02,1.53
2008-04-03,1.55
2008-04-04,1.49
2008-04-07,1.40
2008-04-08,1.32
2008-04-09,1.04
2008-04-10,0.95
2008-04-11,0.87
2008-04-14,0.82
2008-04-15,0.83
2008-04-16,0.84
2008-04-17,0.84
2008-04-18,0.86
2008-04-21,0.83
2008-04-22,0.71
2008-04-23,0.76
2008-04-24,0.78
2008-04-25,0.76
2008-04-28,0.86
2008-04-29,1.26
2008-04-30,1.15
2008-05-01,1.20
2008-05-02,1.21
2008-05-05,1.30
2008-05-06,1.51
2008-05-07,1.54
2008-05-08,1.52
2008-05-09,1.57
2008-05-12,1.70
2008-05-13,1.83
2008-05-14,1.83
2008-05-15,1.81
2008-05-16,1.82
2008-05-19,1.92
2008-05-20,1.94
2008-05-21,1.93
2008-05-22,1.95
2008-05-23,1.90
2008-05-26,ND
2008-05-27,1.89
2008-05-28,2.05
2008-05-29,2.00
2008-05-30,1.96
2008-06-02,1.92
2008-06-03,1.93
2008-06-04,1.82
2008-06-05,1.76
2008-06-06,1.72
2008-06-09,1.77
2008-06-10,1.97
2008-06-11,1.88
2008-06-12,1.89
2008-06-13,1.83
2008-06-16,1.85
2008-06-17,1.79
2008-06-18,1.67
2008-06-19,1.56
2008-06-20,1.45
2008-06-23,1.49
2008-06-24,1.56
2008-06-25,1.46
2008-06-26,1.39
2008-06-27,1.25
2008-06-30,1.54
2008-07-01,1.89
2008-07-02,1.84
2008-07-03,1.83
2008-07-04,ND
2008-07-07,1.77
2008-07-08,1.83
2008-07-09,1.79
2008-07-10,1.45
2008-07-11,1.35
2008-07-14,1.39
2008-07-15,1.47
2008-07-16,1.34
2008-07-17,1.29
2008-07-18,1.25
2008-07-21,1.29
2008-07-22,1.48
2008-07-23,1.57
2008-07-24,1.67
2008-07-25,1.70
2008-07-28,1.65
2008-07-29,1.70
2008-07-30,1.64
2008-07-31,1.52
2008-08-01,1.49
2008-08-04,1.57
2008-08-05,1.70
2008-08-06,1.50
2008-08-07,1.50
2008-08-08,1.60
2008-08-11,1.73
2008-08-12,1.70
2008-08-13,1.77
2008-08-14,1.73
2008-08-15,1.70
2008-08-18,1.74
2008-08-19,1.80
2008-08-20,1.72
2008-08-21,1.71
2008-08-22,1.65
2008-08-25,1.63
2008-08-26,1.65
2008-08-27,1.56
2008-08-28,1.60
2008-08-29,1.60
2008-09-01,ND
2008-09-02,1.61
2008-09-03,1.54
2008-09-04,1.53
2008-09-05,1.50
2008-09-08,1.56
2008-09-09,1.57
2008-09-10,1.56
2008-09-11,1.51
2008-09-12,1.35
2008-09-15,0.28
2008-09-16,0.23
2008-09-17,0.07
2008-09-18,0.26
2008-09-19,0.73
2008-09-22,0.69
2008-09-23,0.30
2008-09-24,0.12
2008-09-25,0.38
2008-09-26,0.17
2008-09-29,0.06
2008-09-30,1.01
2008-10-01,0.65
2008-10-02,0.19
2008-10-03,0.13
2008-10-06,0.15
2008-10-07,0.38
2008-10-08,0.21
2008-10-09,0.17
2008-10-10,0.06
2008-10-13,ND
2008-10-14,0.05
2008-10-15,0.05
2008-10-16,0.10
2008-10-17,0.07
2008-10-20,0.42
2008-10-21,0.69
2008-10-22,0.57
2008-10-23,0.35
2008-10-24,0.28
2008-10-27,0.23
2008-10-28,0.41
2008-10-29,0.40
2008-10-30,0.13
2008-10-31,0.11
2008-11-03,0.18
2008-11-04,0.29
2008-11-05,0.15
2008-11-06,0.13
2008-11-07,0.12
2008-11-10,0.10
2008-11-11,ND
2008-11-12,0.10
2008-11-13,0.08
2008-11-14,0.06
2008-11-17,0.06
2008-11-18,0.10
2008-11-19,0.09
2008-11-20,0.05
2008-11-21,0.03
2008-11-24,0.01
2008-11-25,0.04
2008-11-26,0.02
2008-11-27,ND
2008-11-28,0.02
2008-12-01,0.09
2008-12-02,0.04
2008-12-03,0.02
2008-12-04,0.01
2008-12-05,0.02
2008-12-08,0.01
2008-12-09,0.04
2008-12-10,0.00
2008-12-11,-0.01
2008-12-12,0.03
2008-12-15,0.00
2008-12-16,0.05
2008-12-17,0.03
2008-12-18,0.03
2008-12-19,-0.01
2008-12-22,0.01
2008-12-23,0.01
2008-12-24,0.00
2008-12-25,ND
2008-12-26,0.01
2008-12-29,0.04
2008-12-30,0.11
2008-12-31,0.11
2009-01-01,ND
2009-01-02,0.04
2009-01-05,0.04
2009-01-06,0.05
2009-01-07,0.03
2009-01-08,0.04
2009-01-09,0.03
2009-01-12,0.03
2009-01-13,0.02
2009-01-14,0.07
2009-01-15,0.03
2009-01-16,0.04
2009-01-19,ND
2009-01-20,0.03
2009-01-21,0.03
2009-01-22,0.03
2009-01-23,0.03
2009-01-26,0.01
2009-01-27,0.05
2009-01-28,0.08
2009-01-29,0.14
2009-01-30,0.14
2009-02-02,0.18
2009-02-03,0.28
2009-02-04,0.26
2009-02-05,0.21
2009-02-06,0.21
2009-02-09,0.21
2009-02-10,0.24
2009-02-11,0.22
2009-02-12,0.25
2009-02-13,0.23
2009-02-16,ND
2009-02-17,0.25
2009-02-18,0.23
2009-02-19,0.22
2009-02-20,0.19
2009-02-23,0.18
2009-02-24,0.22
2009-02-25,0.21
2009-02-26,0.18
2009-02-27,0.16
2009-03-02,0.15
2009-03-03,0.14
2009-03-04,0.14
2009-03-05,0.10
2009-03-06,0.08
2009-03-09,0.11
2009-03-10,0.14
2009-03-11,0.14
2009-03-12,0.10
2009-03-13,0.08
2009-03-16,0.09
2009-03-17,0.14
2009-03-18,0.15
2009-03-19,0.09
2009-03-20,0.08
2009-03-23,0.08
2009-03-24,0.05
2009-03-25,0.02
2009-03-26,0.01
2009-03-27,0.02
2009-03-30,0.04
2009-03-31,0.17
2009-04-01,0.18
2009-04-02,0.17
2009-04-03,0.16
2009-04-06,0.16
2009-04-07,0.17
2009-04-08,0.15
2009-04-09,0.13
2009-04-10,ND
2009-04-13,0.12
2009-04-14,0.09
2009-04-15,0.07
2009-04-16,0.02
2009-04-17,0.04
2009-04-20,0.03
2009-04-21,0.07
2009-04-22,0.08
2009-04-23,0.08
2009-04-24,0.07
2009-04-27,0.07
2009-04-28,0.05
2009-04-29,0.04
2009-04-30,0.04
2009-05-01,0.05
2009-05-04,0.13
2009-05-05,0.14
2009-05-06,0.14
2009-05-07,0.15
2009-05-08,0.15
2009-05-11,0.16
2009-05-12,0.16
2009-05-13,0.15
2009-05-14,0.10
2009-05-15,0.11
2009-05-18,0.11
2009-05-19,0.14
2009-05-20,0.18
2009-05-21,0.13
2009-05-22,0.13
2009-05-25,ND
2009-05-26,0.12
2009-05-27,0.18
2009-05-28,0.14
2009-05-29,0.14
2009-06-01,0.13
2009-06-02,0.06
2009-06-03,0.08
2009-06-04,0.08
2009-06-05,0.07
2009-06-08,0.07
2009-06-09,0.09
2009-06-10,0.11
2009-06-11,0.09
2009-06-12,0.07
2009-06-15,0.07
2009-06-16,0.09
2009-06-17,0.11
2009-06-18,0.12
2009-06-19,0.10
2009-06-22,0.11
2009-06-23,0.15
2009-06-24,0.10
2009-06-25,0.06
2009-06-26,0.06
2009-06-29,0.10
2009-06-30,0.17
2009-07-01,0.13
2009-07-02,0.15
2009-07-03,ND
2009-07-06,0.15
2009-07-07,0.16
2009-07-08,0.15
2009-07-09,0.16
2009-07-10,0.15
2009-07-13,0.15
2009-07-14,0.15
2009-07-15,0.11
2009-07-16,0.15
2009-07-17,0.15
2009-07-20,0.15
2009-07-21,0.16
2009-07-22,0.15
2009-07-23,0.15
2009-07-24,0.15
2009-07-27,0.14
2009-07-28,0.14
2009-07-29,0.14
2009-07-30,0.14
2009-07-31,0.14
2009-08-03,0.14
2009-08-04,0.15
2009-08-05,0.15
2009-08-06,0.15
2009-08-07,0.14
2009-08-10,0.14
2009-08-11,0.14
2009-08-12,0.14
2009-08-13,0.10
2009-08-14,0.09
2009-08-17,0.10
2009-08-18,0.14
2009-08-19,0.10
2009-08-20,0.11
2009-08-21,0.10
2009-08-24,0.10
2009-08-25,0.12
2009-08-26,0.11
2009-08-27,0.11
2009-08-28,0.11
2009-08-31,0.11
2009-09-01,0.08
2009-09-02,0.09
2009-09-03,0.09
2009-09-04,0.09
2009-09-07,ND
2009-09-08,0.09
2009-09-09,0.09
2009-09-10,0.08
2009-09-11,0.08
2009-09-14,0.07
2009-09-15,0.05
2009-09-16,0.03
2009-09-17,0.03
2009-09-18,0.03
2009-09-21,0.04
2009-09-22,0.05
2009-09-23,0.05
2009-09-24,0.03
2009-09-25,0.03
2009-09-28,0.02
2009-09-29,0.07
2009-09-30,0.06
2009-10-01,0.03
2009-10-02,0.03
2009-10-05,0.03
2009-10-06,0.05
2009-10-07,0.06
2009-10-08,0.03
2009-10-09,0.04
2009-10-12,ND
2009-10-13,0.04
2009-10-14,0.05
2009-10-15,0.06
2009-10-16,0.06
2009-10-19,0.06
2009-10-20,0.05
2009-10-21,0.05
2009-10-22,0.02
2009-10-23,0.02
2009-10-26,0.04
2009-10-27,0.05
2009-10-28,0.04
2009-10-29,0.02
2009-10-30,0.01
2009-11-02,0.03
2009-11-03,0.04
2009-11-04,0.05
2009-11-05,0.06
2009-11-06,0.06
2009-11-09,0.06
2009-11-10,0.06
2009-11-11,ND
2009-11-12,0.06
2009-11-13,0.05
2009-11-16,0.05
2009-11-17,0.05
2009-11-18,0.04
2009-11-19,0.03
2009-11-20,0.04
2009-11-23,0.05
2009-11-24,0.06
2009-11-25,0.07
2009-11-26,ND
2009-11-27,0.06
2009-11-30,0.08
2009-12-01,0.09
2009-12-02,0.08
2009-12-03,0.09
2009-12-04,0.08
2009-12-07,0.08
2009-12-08,0.02
2009-12-09,0.01
2009-12-10,0.01
2009-12-11,0.01
2009-12-14,0.02
2009-12-15,0.02
2009-12-16,0.02
2009-12-17,0.01
2009-12-18,0.01
2009-12-21,0.00
2009-12-22,0.01
2009-12-23,0.01
2009-12-24,0.02
2009-12-25,ND
2009-12-28,0.02
2009-12-29,0.02
2009-12-30,0.02
2009-12-31,0.04
2010-01-01,ND
2010-01-04,0.05
2010-01-05,0.03
2010-01-06,0.03
2010-01-07,0.02
2010-01-08,0.02
2010-01-11,0.01
2010-01-12,0.02
2010-01-13,0.02
2010-01-14,0.02
2010-01-15,0.03
2010-01-18,ND
2010-01-19,0.03
2010-01-20,0.03
2010-01-21,0.02
2010-01-22,0.02
2010-01-25,0.02
2010-01-26,0.02
2010-01-27,0.01
2010-01-28,0.01
2010-01-29,0.02
2010-02-01,0.05
2010-02-02,0.04
2010-02-03,0.05
2010-02-04,0.04
2010-02-05,0.03
2010-02-08,0.03
2010-02-09,0.05
2010-02-10,0.06
2010-02-11,0.05
2010-02-12,0.04
2010-02-15,ND
2010-02-16,0.04
2010-02-17,0.07
2010-02-18,0.07
2010-02-19,0.06
2010-02-22,0.06
2010-02-23,0.08
2010-02-24,0.08
2010-02-25,0.09
2010-02-26,0.09
2010-03-01,0.08
2010-03-02,0.09
2010-03-03,0.09
2010-03-04,0.09
2010-03-05,0.10
2010-03-08,0.10
2010-03-09,0.12
2010-03-10,0.12
2010-03-11,0.12
2010-03-12,0.10
2010-03-15,0.11
2010-03-16,0.14
2010-03-17,0.13
2010-03-18,0.14
2010-03-19,0.13
2010-03-22,0.13
2010-03-23,0.11
2010-03-24,0.12
2010-03-25,0.12
2010-03-26,0.11
2010-03-29,0.11
2010-03-30,0.13
2010-03-31,0.15
2010-04-01,0.16
2010-04-02,0.15
2010-04-05,0.16
2010-04-06,0.17
2010-04-07,0.16
2010-04-08,0.16
2010-04-09,0.16
2010-04-12,0.15
2010-04-13,0.15
2010-04-14,0.15
2010-04-15,0.16
2010-04-16,0.15
2010-04-19,0.15
2010-04-20,0.14
2010-04-21,0.14
2010-04-22,0.15
2010-04-23,0.14
2010-04-26,0.14
2010-04-27,0.14
2010-04-28,0.14
2010-04-29,0.15
2010-04-30,0.14
2010-05-03,0.14
2010-05-04,0.15
2010-05-05,0.14
2010-05-06,0.06
2010-05-07,0.08
2010-05-10,0.13
2010-05-11,0.15
2010-05-12,0.16
2010-05-13,0.15
2010-05-14,0.15
2010-05-17,0.16
2010-05-18,0.17
2010-05-19,0.17
2010-05-20,0.17
2010-05-21,0.17
2010-05-24,0.16
2010-05-25,0.16
2010-05-26,0.16
2010-05-27,0.16
2010-05-28,0.15
2010-05-31,ND
2010-06-01,0.14
2010-06-02,0.13
2010-06-03,0.13
2010-06-04,0.12
2010-06-07,0.10
2010-06-08,0.10
2010-06-09,0.08
2010-06-10,0.06
2010-06-11,0.04
2010-06-14,0.02
2010-06-15,0.03
2010-06-16,0.06
2010-06-17,0.05
2010-06-18,0.04
2010-06-21,0.04
2010-06-22,0.08
2010-06-23,0.07
2010-06-24,0.07
2010-06-25,0.04
2010-06-28,0.06
2010-06-29,0.09
2010-06-30,0.17
2010-07-01,0.16
2010-07-02,0.16
2010-07-05,ND
2010-07-06,0.17
2010-07-07,0.17
2010-07-08,0.17
2010-07-09,0.16
2010-07-12,0.16
2010-07-13,0.16
2010-07-14,0.16
2010-07-15,0.16
2010-07-16,0.14
2010-07-19,0.15
2010-07-20,0.16
2010-07-21,0.16
2010-07-22,0.15
2010-07-23,0.15
2010-07-26,0.15
2010-07-27,0.16
2010-07-28,0.15
2010-07-29,0.15
2010-07-30,0.14
2010-08-02,0.14
2010-08-03,0.15
2010-08-04,0.15
2010-08-05,0.15
2010-08-06,0.14
2010-08-09,0.14
2010-08-10,0.15
2010-08-11,0.15
2010-08-12,0.15
2010-08-13,0.14
2010-08-16,0.15
2010-08-17,0.16
2010-08-18,0.16
2010-08-19,0.16
2010-08-20,0.15
2010-08-23,0.15
2010-08-24,0.17
2010-08-25,0.17
2010-08-26,0.17
2010-08-27,0.17
2010-08-30,0.16
2010-08-31,0.16
2010-09-01,0.16
2010-09-02,0.15
2010-09-03,0.15
2010-09-06,ND
2010-09-07,0.13
2010-09-08,0.10
2010-09-09,0.10
2010-09-10,0.10
2010-09-13,0.09
2010-09-14,0.11
2010-09-15,0.11
2010-09-16,0.12
2010-09-17,0.12
2010-09-20,0.11
2010-09-21,0.12
2010-09-22,0.12
2010-09-23,0.13
2010-09-24,0.09
2010-09-27,0.07
2010-09-28,0.08
2010-09-29,0.12
2010-09-30,0.14
2010-10-01,0.15
2010-10-04,0.15
2010-10-05,0.14
2010-10-06,0.14
2010-10-07,0.15
2010-10-08,0.14
2010-10-11,ND
2010-10-12,0.14
2010-10-13,0.14
2010-10-14,0.15
2010-10-15,0.14
2010-10-18,0.14
2010-10-19,0.14
2010-10-20,0.14
2010-10-21,0.13
2010-10-22,0.13
2010-10-25,0.13
2010-10-26,0.14
2010-10-27,0.14
2010-10-28,0.14
2010-10-29,0.14
2010-11-01,0.14
2010-11-02,0.13
2010-11-03,0.13
2010-11-04,0.13
2010-11-05,0.13
2010-11-08,0.12
2010-11-09,0.11
2010-11-10,0.12
2010-11-11,ND
2010-11-12,0.11
2010-11-15,0.12
2010-11-16,0.13
2010-11-17,0.13
2010-11-18,0.13
2010-11-19,0.12
2010-11-22,0.12
2010-11-23,0.15
2010-11-24,0.16
2010-11-25,ND
2010-11-26,0.16
2010-11-29,0.16
2010-11-30,0.18
2010-12-01,0.17
2010-12-02,0.16
2010-12-03,0.14
2010-12-06,0.14
2010-12-07,0.08
2010-12-08,0.08
2010-12-09,0.09
2010-12-10,0.09
2010-12-13,0.09
2010-12-14,0.09
2010-12-15,0.08
2010-12-16,0.08
2010-12-17,0.05
2010-12-20,0.02
2010-12-21,0.09
2010-12-22,0.07
2010-12-23,0.06
2010-12-24,ND
2010-12-27,0.04
2010-12-28,0.08
2010-12-29,0.05
2010-12-30,0.05
2010-12-31,0.06
2011-01-03,0.10
2011-01-04,0.12
2011-01-05,0.13
2011-01-06,0.13
2011-01-07,0.13
2011-01-10,0.14
2011-01-11,0.15
2011-01-12,0.15
2011-01-13,0.15
2011-01-14,0.14
2011-01-17,ND
2011-01-18,0.15
2011-01-19,0.16
2011-01-20,0.15
2011-01-21,0.15
2011-01-24,0.15
2011-01-25,0.15
2011-01-26,0.15
2011-01-27,0.13
2011-01-28,0.13
2011-01-31,0.15
2011-02-01,0.16
2011-02-02,0.15
2011-02-03,0.14
2011-02-04,0.13
2011-02-07,0.13
2011-02-08,0.14
2011-02-09,0.11
2011-02-10,0.08
2011-02-11,0.08
2011-02-14,0.09
2011-02-15,0.11
2011-02-16,0.10
2011-02-17,0.08
2011-02-18,0.08
2011-02-21,ND
2011-02-22,0.10
2011-02-23,0.12
2011-02-24,0.13
2011-02-25,0.12
2011-02-28,0.13
2011-03-01,0.07
2011-03-02,0.12
2011-03-03,0.12
2011-03-04,0.11
2011-03-07,0.10
2011-03-08,0.07
2011-03-09,0.07
2011-03-10,0.04
2011-03-11,0.04
2011-03-14,0.05
2011-03-15,0.07
2011-03-16,0.06
2011-03-17,0.06
2011-03-18,0.06
2011-03-21,0.06
2011-03-22,0.07
2011-03-23,0.06
2011-03-24,0.04
2011-03-25,0.04
2011-03-28,0.03
2011-03-29,0.06
2011-03-30,0.03
2011-03-31,0.05
2011-04-01,0.03
2011-04-04,0.02
2011-04-05,0.05
2011-04-06,0.03
2011-04-07,0.03
2011-04-08,0.02
2011-04-11,0.02
2011-04-12,0.02
2011-04-13,0.03
2011-04-14,0.04
2011-04-15,0.04
2011-04-18,0.03
2011-04-19,0.04
2011-04-20,0.04
2011-04-21,0.03
2011-04-22,ND
2011-04-25,0.03
2011-04-26,0.02
2011-04-27,0.03
2011-04-28,0.02
2011-04-29,0.02
2011-05-02,0.02
2011-05-03,0.02
2011-05-04,0.02
2011-05-05,0.01
2011-05-06,0.02
2011-05-09,0.01
2011-05-10,0.02
2011-05-11,0.01
2011-05-12,0.01
2011-05-13,0.01
2011-05-16,0.02
2011-05-17,0.03
2011-05-18,0.03
2011-05-19,0.02
2011-05-20,0.03
2011-05-23,0.03
2011-05-24,0.04
2011-05-25,0.04
2011-05-26,0.04
2011-05-27,0.04
2011-05-30,ND
2011-05-31,0.04
2011-06-01,0.04
2011-06-02,0.04
2011-06-03,0.04
2011-06-06,0.03
2011-06-07,0.01
2011-06-08,0.01
2011-06-09,0.02
2011-06-10,0.02
2011-06-13,0.02
2011-06-14,0.03
2011-06-15,0.02
2011-06-16,0.02
2011-06-17,0.02
2011-06-20,0.02
2011-06-21,0.01
2011-06-22,0.01
2011-06-23,0.01
2011-06-24,0.01
2011-06-27,0.01
2011-06-28,0.01
2011-06-29,0.01
2011-06-30,0.01
2011-07-01,0.01
2011-07-04,ND
2011-07-05,0.01
2011-07-06,0.01
2011-07-07,0.03
2011-07-08,0.03
2011-07-11,0.02
2011-07-12,0.01
2011-07-13,0.01
2011-07-14,0.01
2011-07-15,0.02
2011-07-18,0.01
2011-07-19,0.02
2011-07-20,0.01
2011-07-21,0.04
2011-07-22,0.05
2011-07-25,0.05
2011-07-26,0.07
2011-07-27,0.08
2011-07-28,0.10
2011-07-29,0.17
2011-08-01,0.14
2011-08-02,0.05
2011-08-03,0.01
2011-08-04,0.01
2011-08-05,0.01
2011-08-08,0.02
2011-08-09,0.02
2011-08-10,0.02
2011-08-11,0.01
2011-08-12,0.01
2011-08-15,0.00
2011-08-16,0.02
2011-08-17,0.01
2011-08-18,0.01
2011-08-19,0.00
2011-08-22,0.01
2011-08-23,0.01
2011-08-24,0.02
2011-08-25,0.01
2011-08-26,0.00
2011-08-29,0.00
2011-08-30,0.01
2011-08-31,0.01
2011-09-01,0.02
2011-09-02,0.02
2011-09-05,ND
2011-09-06,0.02
2011-09-07,0.00
2011-09-08,0.01
2011-09-09,0.00
2011-09-12,0.01
2011-09-13,0.00
2011-09-14,0.00
2011-09-15,0.00
2011-09-16,0.01
2011-09-19,-0.01
2011-09-20,0.00
2011-09-21,0.01
2011-09-22,0.00
2011-09-23,0.00
2011-09-26,0.00
2011-09-27,0.00
2011-09-28,-0.01
2011-09-29,-0.01
2011-09-30,0.02
2011-10-03,0.01
2011-10-04,0.01
2011-10-05,0.00
2011-10-06,0.01
2011-10-07,0.01
2011-10-10,ND
2011-10-11,0.01
2011-10-12,0.01
2011-10-13,0.02
2011-10-14,0.02
2011-10-17,0.02
2011-10-18,0.02
2011-10-19,0.01
2011-10-20,0.02
2011-10-21,0.01
2011-10-24,0.01
2011-10-25,0.01
2011-10-26,0.01
2011-10-27,0.02
2011-10-28,0.02
2011-10-31,0.02
2011-11-01,0.01
2011-11-02,0.01
2011-11-03,0.01
2011-11-04,0.01
2011-11-07,0.01
2011-11-08,0.01
2011-11-09,0.01
2011-11-10,0.01
2011-11-11,ND
2011-11-14,0.01
2011-11-15,0.01
2011-11-16,0.01
2011-11-17,0.01
2011-11-18,0.02
2011-11-21,0.02
2011-11-22,0.02
2011-11-23,0.02
2011-11-24,ND
2011-11-25,0.02
2011-11-28,0.02
2011-11-29,0.02
2011-11-30,0.02
2011-12-01,0.02
2011-12-02,0.02
2011-12-05,0.01
2011-12-06,-0.01
2011-12-07,-0.01
2011-12-08,0.00
2011-12-09,0.00
2011-12-12,0.00
2011-12-13,0.00
2011-12-14,0.00
2011-12-15,0.00
2011-12-16,0.00
2011-12-19,-0.01
2011-12-20,0.00
2011-12-21,-0.01
2011-12-22,0.00
2011-12-23,0.00
2011-12-26,ND
2011-12-27,0.01
2011-12-28,0.00
2011-12-29,-0.01
2011-12-30,0.01
2012-01-02,ND
2012-01-03,0.01
2012-01-04,0.01
2012-01-05,0.01
2012-01-06,0.02
2012-01-09,0.01
2012-01-10,0.01
2012-01-11,0.01
2012-01-12,0.02
2012-01-13,0.02
2012-01-16,ND
2012-01-17,0.02
2012-01-18,0.02
2012-01-19,0.04
2012-01-20,0.03
2012-01-23,0.03
2012-01-24,0.02
2012-01-25,0.03
2012-01-26,0.04
2012-01-27,0.05
2012-01-30,0.05
2012-01-31,0.04
2012-02-01,0.05
2012-02-02,0.07
2012-02-03,0.06
2012-02-06,0.04
2012-02-07,0.06
2012-02-08,0.06
2012-02-09,0.06
2012-02-10,0.05
2012-02-13,0.05
2012-02-14,0.09
2012-02-15,0.09
2012-02-16,0.04
2012-02-17,0.03
2012-02-20,ND
2012-02-21,0.02
2012-02-22,0.07
2012-02-23,0.07
2012-02-24,0.08
2012-02-27,0.07
2012-02-28,0.10
2012-02-29,0.08
2012-03-01,0.07
2012-03-02,0.06
2012-03-05,0.07
2012-03-06,0.06
2012-03-07,0.06
2012-03-08,0.07
2012-03-09,0.06
2012-03-12,0.05
2012-03-13,0.06
2012-03-14,0.08
2012-03-15,0.08
2012-03-16,0.07
2012-03-19,0.07
2012-03-20,0.08
2012-03-21,0.09
2012-03-22,0.06
2012-03-23,0.06
2012-03-26,0.06
2012-03-27,0.07
2012-03-28,0.05
2012-03-29,0.02
2012-03-30,0.05
2012-04-02,0.05
2012-04-03,0.07
2012-04-04,0.08
2012-04-05,0.07
2012-04-06,0.06
2012-04-09,0.07
2012-04-10,0.08
2012-04-11,0.08
2012-04-12,0.08
2012-04-13,0.07
2012-04-16,0.07
2012-04-17,0.07
2012-04-18,0.05
2012-04-19,0.04
2012-04-20,0.04
2012-04-23,0.04
2012-04-24,0.07
2012-04-25,0.08
2012-04-26,0.09
2012-04-27,0.07
2012-04-30,0.07
2012-05-01,0.07
2012-05-02,0.06
2012-05-03,0.05
2012-05-04,0.05
2012-05-07,0.06
2012-05-08,0.08
2012-05-09,0.07
2012-05-10,0.08
2012-05-11,0.07
2012-05-14,0.07
2012-05-15,0.08
2012-05-16,0.08
2012-05-17,0.08
2012-05-18,0.06
2012-05-21,0.06
2012-05-22,0.07
2012-05-23,0.07
2012-05-24,0.08
2012-05-25,0.07
2012-05-28,ND
2012-05-29,0.06
2012-05-30,0.05
2012-05-31,0.03
2012-06-01,0.03
2012-06-04,0.04
2012-06-05,0.05
2012-06-06,0.05
2012-06-07,0.04
2012-06-08,0.04
2012-06-11,0.04
2012-06-12,0.06
2012-06-13,0.07
2012-06-14,0.08
2012-06-15,0.05
2012-06-18,0.05
2012-06-19,0.06
2012-06-20,0.06
2012-06-21,0.05
2012-06-22,0.05
2012-06-25,0.05
2012-06-26,0.07
2012-06-27,0.06
2012-06-28,0.02
2012-06-29,0.04
2012-07-02,0.05
2012-07-03,0.08
2012-07-04,ND
2012-07-05,0.07
2012-07-06,0.06
2012-07-09,0.06
2012-07-10,0.07
2012-07-11,0.07
2012-07-12,0.08
2012-07-13,0.08
2012-07-16,0.03
2012-07-17,0.08
2012-07-18,0.07
2012-07-19,0.06
2012-07-20,0.07
2012-07-23,0.07
2012-07-24,0.08
2012-07-25,0.08
2012-07-26,0.08
2012-07-27,0.07
2012-07-30,0.05
2012-07-31,0.07
2012-08-01,0.07
2012-08-02,0.04
2012-08-03,0.02
2012-08-06,0.04
2012-08-07,0.09
2012-08-08,0.09
2012-08-09,0.10
2012-08-10,0.10
2012-08-13,0.10
2012-08-14,0.11
2012-08-15,0.11
2012-08-16,0.10
2012-08-17,0.09
2012-08-20,0.09
2012-08-21,0.10
2012-08-22,0.10
2012-08-23,0.10
2012-08-24,0.10
2012-08-27,0.10
2012-08-28,0.12
2012-08-29,0.12
2012-08-30,0.12
2012-08-31,0.09
2012-09-03,ND
2012-09-04,0.10
2012-09-05,0.11
2012-09-06,0.10
2012-09-07,0.09
2012-09-10,0.09
2012-09-11,0.09
2012-09-12,0.09
2012-09-13,0.10
2012-09-14,0.08
2012-09-17,0.05
2012-09-18,0.08
2012-09-19,0.08
2012-09-20,0.06
2012-09-21,0.05
2012-09-24,0.02
2012-09-25,0.06
2012-09-26,0.05
2012-09-27,0.05
2012-09-28,0.06
2012-10-01,0.05
2012-10-02,0.09
2012-10-03,0.09
2012-10-04,0.10
2012-10-05,0.10
2012-10-08,ND
2012-10-09,0.11
2012-10-10,0.12
2012-10-11,0.12
2012-10-12,0.12
2012-10-15,0.10
2012-10-16,0.13
2012-10-17,0.13
2012-10-18,0.12
2012-10-19,0.11
2012-10-22,0.10
2012-10-23,0.11
2012-10-24,0.13
2012-10-25,0.13
2012-10-26,0.12
2012-10-29,0.13
2012-10-30,ND
2012-10-31,0.09
2012-11-01,0.06
2012-11-02,0.08
2012-11-05,0.09
2012-11-06,0.12
2012-11-07,0.12
2012-11-08,0.13
2012-11-09,0.13
2012-11-12,ND
2012-11-13,0.12
2012-11-14,0.15
2012-11-15,0.13
2012-11-16,0.07
2012-11-19,0.06
2012-11-20,0.15
2012-11-21,0.17
2012-11-22,ND
2012-11-23,0.16
2012-11-26,0.15
2012-11-27,0.17
2012-11-28,0.17
2012-11-29,0.16
2012-11-30,0.11
2012-12-03,0.13
2012-12-04,0.07
2012-12-05,0.07
2012-12-06,0.07
2012-12-07,0.06
2012-12-10,0.05
2012-12-11,0.04
2012-12-12,0.04
2012-12-13,0.02
2012-12-14,0.01
2012-12-17,0.01
2012-12-18,0.04
2012-12-19,0.03
2012-12-20,0.02
2012-12-21,0.02
2012-12-24,0.02
2012-12-25,ND
2012-12-26,0.05
2012-12-27,0.01
2012-12-28,0.00
2012-12-31,0.02
2013-01-01,ND
2013-01-02,0.07
2013-01-03,0.06
2013-01-04,0.06
2013-01-07,0.05
2013-01-08,0.06
2013-01-09,0.04
2013-01-10,0.05
2013-01-11,0.04
2013-01-14,0.05
2013-01-15,0.09
2013-01-16,0.07
2013-01-17,0.05
2013-01-18,0.04
2013-01-21,ND
2013-01-22,0.03
2013-01-23,0.06
2013-01-24,0.06
2013-01-25,0.06
2013-01-28,0.03
2013-01-29,0.03
2013-01-30,0.04
2013-01-31,0.04
2013-02-01,0.02
2013-02-04,0.03
2013-02-05,0.06
2013-02-06,0.06
2013-02-07,0.03
2013-02-08,0.03
2013-02-11,0.05
2013-02-12,0.08
2013-02-13,0.09
2013-02-14,0.10
2013-02-15,0.09
2013-02-18,ND
2013-02-19,0.09
2013-02-20,0.12
2013-02-21,0.12
2013-02-22,0.11
2013-02-25,0.09
2013-02-26,0.11
2013-02-27,0.11
2013-02-28,0.07
2013-03-01,0.07
2013-03-04,0.06
2013-03-05,0.09
2013-03-06,0.09
2013-03-07,0.10
2013-03-08,0.09
2013-03-11,0.09
2013-03-12,0.10
2013-03-13,0.09
2013-03-14,0.08
2013-03-15,0.07
2013-03-18,0.07
2013-03-19,0.08
2013-03-20,0.08
2013-03-21,0.08
2013-03-22,0.07
2013-03-25,0.06
2013-03-26,0.08
2013-03-27,0.06
2013-03-28,0.04
2013-03-29,ND
2013-04-01,0.06
2013-04-02,0.06
2013-04-03,0.06
2013-04-04,0.07
2013-04-05,0.05
2013-04-08,0.05
2013-04-09,0.06
2013-04-10,0.07
2013-04-11,0.06
2013-04-12,0.05
2013-04-15,0.04
2013-04-16,0.06
2013-04-17,0.05
2013-04-18,0.03
2013-04-19,0.04
2013-04-22,0.04
2013-04-23,0.04
2013-04-24,0.05
2013-04-25,0.04
2013-04-26,0.04
2013-04-29,0.03
2013-04-30,0.03
2013-05-01,0.03
2013-05-02,0.02
2013-05-03,0.02
2013-05-06,0.01
2013-05-07,0.01
2013-05-08,0.01
2013-05-09,0.02
2013-05-10,0.02
2013-05-13,0.02
2013-05-14,0.01
2013-05-15,0.01
2013-05-16,0.00
2013-05-17,0.01
2013-05-20,0.01
2013-05-21,0.04
2013-05-22,0.04
2013-05-23,0.03
2013-05-24,0.03
2013-05-27,ND
2013-05-28,0.02
2013-05-29,0.04
2013-05-30,0.02
2013-05-31,0.03
2013-06-03,0.03
2013-06-04,0.05
2013-06-05,0.04
2013-06-06,0.04
2013-06-07,0.04
2013-06-10,0.04
2013-06-11,0.05
2013-06-12,0.04
2013-06-13,0.04
2013-06-14,0.04
2013-06-17,0.05
2013-06-18,0.04
2013-06-19,0.04
2013-06-20,0.03
2013-06-21,0.02
2013-06-24,0.01
2013-06-25,0.03
2013-06-26,0.02
2013-06-27,0.02
2013-06-28,0.02
2013-07-01,0.01
2013-07-02,0.02
2013-07-03,0.03
2013-07-04,ND
2013-07-05,0.03
2013-07-08,0.02
2013-07-09,0.04
2013-07-10,0.03
2013-07-11,0.02
2013-07-12,0.02
2013-07-15,0.02
2013-07-16,0.02
2013-07-17,0.02
2013-07-18,0.01
2013-07-19,0.01
2013-07-22,0.01
2013-07-23,0.02
2013-07-24,0.02
2013-07-25,0.02
2013-07-26,0.02
2013-07-29,0.01
2013-07-30,0.03
2013-07-31,0.03
2013-08-01,0.02
2013-08-02,0.02
2013-08-05,0.03
2013-08-06,0.05
2013-08-07,0.05
2013-08-08,0.05
2013-08-09,0.05
2013-08-12,0.05
2013-08-13,0.06
2013-08-14,0.06
2013-08-15,0.05
2013-08-16,0.05
2013-08-19,0.03
2013-08-20,0.03
2013-08-21,0.02
2013-08-22,0.01
2013-08-23,0.02
2013-08-26,0.03
2013-08-27,0.04
2013-08-28,0.04
2013-08-29,0.03
2013-08-30,0.02
2013-09-02,ND
2013-09-03,0.03
2013-09-04,0.02
2013-09-05,0.03
2013-09-06,0.02
2013-09-09,0.02
2013-09-10,0.01
2013-09-11,0.01
2013-09-12,0.01
2013-09-13,0.01
2013-09-16,0.01
2013-09-17,0.01
2013-09-18,0.01
2013-09-19,0.00
2013-09-20,0.01
2013-09-23,0.01
2013-09-24,0.02
2013-09-25,0.02
2013-09-26,0.04
2013-09-27,0.03
2013-09-30,0.03
2013-10-01,0.10
2013-10-02,0.08
2013-10-03,0.13
2013-10-04,0.12
2013-10-07,0.15
2013-10-08,0.27
2013-10-09,0.27
2013-10-10,0.26
2013-10-11,0.26
2013-10-14,ND
2013-10-15,0.35
2013-10-16,0.14
2013-10-17,0.01
2013-10-18,0.01
2013-10-21,0.02
2013-10-22,0.04
2013-10-23,0.02
2013-10-24,0.02
2013-10-25,0.02
2013-10-28,0.02
2013-10-29,0.06
2013-10-30,0.05
2013-10-31,0.03
2013-11-01,0.03
2013-11-04,0.02
2013-11-05,0.06
2013-11-06,0.05
2013-11-07,0.04
2013-11-08,0.04
2013-11-11,ND
2013-11-12,0.05
2013-11-13,0.06
2013-11-14,0.06
2013-11-15,0.06
2013-11-18,0.04
2013-11-19,0.05
2013-11-20,0.06
2013-11-21,0.02
2013-11-22,0.02
2013-11-25,0.03
2013-11-26,0.07
2013-11-27,0.06
2013-11-28,ND
2013-11-29,0.05
2013-12-02,0.02
2013-12-03,0.04
2013-12-04,0.04
2013-12-05,0.02
2013-12-06,0.03
2013-12-09,0.03
2013-12-10,0.03
2013-12-11,0.02
2013-12-12,0.01
2013-12-13,0.02
2013-12-16,0.01
2013-12-17,0.02
2013-12-18,0.01
2013-12-19,0.01
2013-12-20,0.01
2013-12-23,0.01
2013-12-24,0.01
2013-12-25,ND
2013-12-26,0.00
2013-12-27,0.00
2013-12-30,0.01
2013-12-31,0.01
2014-01-01,ND
2014-01-02,0.01
2014-01-03,0.01
2014-01-06,0.01
2014-01-07,0.01
2014-01-08,0.00
2014-01-09,0.01
2014-01-10,0.01
2014-01-13,0.00
2014-01-14,0.00
2014-01-15,0.01
2014-01-16,0.01
2014-01-17,0.01
2014-01-20,ND
2014-01-21,0.01
2014-01-22,0.00
2014-01-23,0.01
2014-01-24,0.04
2014-01-27,0.04
2014-01-28,0.05
2014-01-29,0.04
2014-01-30,0.04
2014-01-31,0.03
2014-02-03,0.04
2014-02-04,0.12
2014-02-05,0.13
2014-02-06,0.07
2014-02-07,0.10
2014-02-10,0.07
2014-02-11,0.05
2014-02-12,0.01
2014-02-13,0.01
2014-02-14,0.01
2014-02-17,ND
2014-02-18,0.02
2014-02-19,0.04
2014-02-20,0.02
2014-02-21,0.02
2014-02-24,0.02
2014-02-25,0.04
2014-02-26,0.04
2014-02-27,0.04
2014-02-28,0.04
2014-03-03,0.04
2014-03-04,0.06
2014-03-05,0.06
2014-03-06,0.06
2014-03-07,0.06
2014-03-10,0.05
2014-03-11,0.06
2014-03-12,0.05
2014-03-13,0.06
2014-03-14,0.05
2014-03-17,0.05
2014-03-18,0.07
2014-03-19,0.07
2014-03-20,0.06
2014-03-21,0.05
2014-03-24,0.05
2014-03-25,0.05
2014-03-26,0.05
2014-03-27,0.02
2014-03-28,0.03
2014-03-31,0.03
2014-04-01,0.02
2014-04-02,0.02
2014-04-03,0.03
2014-04-04,0.03
2014-04-07,0.03
2014-04-08,0.04
2014-04-09,0.03
2014-04-10,0.03
2014-04-11,0.04
2014-04-14,0.03
2014-04-15,0.03
2014-04-16,0.03
2014-04-17,0.02
2014-04-18,ND
2014-04-21,0.02
2014-04-22,0.02
2014-04-23,0.02
2014-04-24,0.00
2014-04-25,0.01
2014-04-28,0.00
2014-04-29,0.02
2014-04-30,0.02
2014-05-01,0.02
2014-05-02,0.01
2014-05-05,0.01
2014-05-06,0.03
2014-05-07,0.03
2014-05-08,0.02
2014-05-09,0.02
2014-05-12,0.02
2014-05-13,0.03
2014-05-14,0.02
2014-05-15,0.01
2014-05-16,0.01
2014-05-19,0.01
2014-05-20,0.04
2014-05-21,0.04
2014-05-22,0.03
2014-05-23,0.04
2014-05-26,ND
2014-05-27,0.03
2014-05-28,0.04
2014-05-29,0.05
2014-05-30,0.05
2014-06-02,0.04
2014-06-03,0.04
2014-06-04,0.04
2014-06-05,0.03
2014-06-06,0.02
2014-06-09,0.03
2014-06-10,0.04
2014-06-11,0.03
2014-06-12,0.02
2014-06-13,0.02
2014-06-16,0.03
2014-06-17,0.03
2014-06-18,0.03
2014-06-19,0.01
2014-06-20,0.01
2014-06-23,0.02
2014-06-24,0.01
2014-06-25,0.01
2014-06-26,0.01
2014-06-27,0.02
2014-06-30,0.02
2014-07-01,0.03
2014-07-02,0.02
2014-07-03,0.01
2014-07-04,ND
2014-07-07,0.02
2014-07-08,0.02
2014-07-09,0.03
2014-07-10,0.02
2014-07-11,0.02
2014-07-14,0.02
2014-07-15,0.02
2014-07-16,0.02
2014-07-17,0.02
2014-07-18,0.03
2014-07-21,0.02
2014-07-22,0.03
2014-07-23,0.03
2014-07-24,0.04
2014-07-25,0.03
2014-07-28,0.03
2014-07-29,0.03
2014-07-30,0.03
2014-07-31,0.01
2014-08-01,0.01
2014-08-04,0.02
2014-08-05,0.03
2014-08-06,0.03
2014-08-07,0.03
2014-08-08,0.03
2014-08-11,0.03
2014-08-12,0.05
2014-08-13,0.04
2014-08-14,0.04
2014-08-15,0.03
2014-08-18,0.02
2014-08-19,0.04
2014-08-20,0.04
2014-08-21,0.03
2014-08-22,0.04
2014-08-25,0.02
2014-08-26,0.04
2014-08-27,0.02
2014-08-28,0.02
2014-08-29,0.02
2014-09-01,ND
2014-09-02,0.02
2014-09-03,0.02
2014-09-04,0.02
2014-09-05,0.02
2014-09-08,0.01
2014-09-09,0.01
2014-09-10,0.01
2014-09-11,0.01
2014-09-12,0.01
2014-09-15,0.01
2014-09-16,0.01
2014-09-17,0.01
2014-09-18,0.01
2014-09-19,0.01
2014-09-22,0.00
2014-09-23,0.01
2014-09-24,0.01
2014-09-25,0.00
2014-09-26,0.01
2014-09-29,0.01
2014-09-30,0.02
2014-10-01,0.01
2014-10-02,0.01
2014-10-03,0.01
2014-10-06,0.01
2014-10-07,0.02
2014-10-08,0.01
2014-10-09,0.02
2014-10-10,0.02
2014-10-13,ND
2014-10-14,0.03
2014-10-15,0.02
2014-10-16,0.04
2014-10-17,0.03
2014-10-20,0.03
2014-10-21,0.04
2014-10-22,0.04
2014-10-23,0.02
2014-10-24,0.02
2014-10-27,0.03
2014-10-28,0.02
2014-10-29,0.01
2014-10-30,0.01
2014-10-31,0.01
2014-11-03,0.03
2014-11-04,0.04
2014-11-05,0.04
2014-11-06,0.04
2014-11-07,0.04
2014-11-10,0.04
2014-11-11,ND
2014-11-12,0.05
2014-11-13,0.05
2014-11-14,0.04
2014-11-17,0.02
2014-11-18,0.04
2014-11-19,0.04
2014-11-20,0.04
2014-11-21,0.04
2014-11-24,0.04
2014-11-25,0.06
2014-11-26,0.06
2014-11-27,ND
2014-11-28,0.04
2014-12-01,0.01
2014-12-02,0.04
2014-12-03,0.03
2014-12-04,0.03
2014-12-05,0.02
2014-12-08,0.03
2014-12-09,0.05
2014-12-10,0.05
2014-12-11,0.02
2014-12-12,0.02
2014-12-15,0.02
2014-12-16,0.03
2014-12-17,0.03
2014-12-18,0.04
2014-12-19,0.01
2014-12-22,0.01
2014-12-23,0.02
2014-12-24,0.01
2014-12-25,ND
2014-12-26,0.01
2014-12-29,0.01
2014-12-30,0.03
2014-12-31,0.03
2015-01-01,ND
2015-01-02,0.02
2015-01-05,0.02
2015-01-06,0.02
2015-01-07,0.02
2015-01-08,0.01
2015-01-09,0.02
2015-01-12,0.02
2015-01-13,0.02
2015-01-14,0.02
2015-01-15,0.03
2015-01-16,0.02
2015-01-19,ND
2015-01-20,0.01
2015-01-21,0.01
2015-01-22,0.02
2015-01-23,0.02
2015-01-26,0.02
2015-01-27,0.02
2015-01-28,0.02
2015-01-29,0.01
2015-01-30,0.01
2015-02-02,0.01
2015-02-03,0.02
2015-02-04,0.01
2015-02-05,0.02
2015-02-06,0.01
2015-02-09,0.02
2015-02-10,0.02
2015-02-11,0.02
2015-02-12,0.02
2015-02-13,0.02
2015-02-16,ND
2015-02-17,0.02
2015-02-18,0.02
2015-02-19,0.02
2015-02-20,0.02
2015-02-23,0.01
2015-02-24,0.02
2015-02-25,0.02
2015-02-26,0.02
2015-02-27,0.02
2015-03-02,0.02
2015-03-03,0.01
2015-03-04,0.01
2015-03-05,0.02
2015-03-06,0.02
2015-03-09,0.01
2015-03-10,0.03
2015-03-11,0.03
2015-03-12,0.03
2015-03-13,0.03
2015-03-16,0.02
2015-03-17,0.05
2015-03-18,0.02
2015-03-19,0.02
2015-03-20,0.00
2015-03-23,0.02
2015-03-24,0.03
2015-03-25,0.02
2015-03-26,0.02
2015-03-27,0.02
2015-03-30,0.02
2015-03-31,0.05
2015-04-01,0.02
2015-04-02,0.02
2015-04-03,0.04
2015-04-06,0.02
2015-04-07,0.02
2015-04-08,0.02
2015-04-09,0.02
2015-04-10,0.01
2015-04-13,0.02
2015-04-14,0.02
2015-04-15,0.02
2015-04-16,0.03
2015-04-17,0.03
2015-04-20,0.03
2015-04-21,0.02
2015-04-22,0.01
2015-04-23,0.01
2015-04-24,0.03
2015-04-27,0.01
2015-04-28,-0.02
2015-04-29,-0.02
2015-04-30,-0.01
2015-05-01,0.00
2015-05-04,0.01
2015-05-05,0.01
2015-05-06,0.02
2015-05-07,0.01
2015-05-08,0.01
2015-05-11,0.02
2015-05-12,0.01
2015-05-13,0.02
2015-05-14,0.00
2015-05-15,0.02
2015-05-18,0.01
2015-05-19,0.02
2015-05-20,0.02
2015-05-21,0.02
2015-05-22,0.01
2015-05-25,ND
2015-05-26,0.01
2015-05-27,0.02
2015-05-28,0.01
2015-05-29,0.01
2015-06-01,0.02
2015-06-02,0.02
2015-06-03,0.02
2015-06-04,0.02
2015-06-05,0.02
2015-06-08,0.01
2015-06-09,0.01
2015-06-10,0.01
2015-06-11,0.01
2015-06-12,0.01
2015-06-15,0.00
2015-06-16,0.00
2015-06-17,0.00
2015-06-18,-0.01
2015-06-19,-0.01
2015-06-22,-0.02
2015-06-23,-0.01
2015-06-24,-0.01
2015-06-25,-0.01
2015-06-26,0.00
2015-06-29,-0.01
2015-06-30,0.02
2015-07-01,0.01
2015-07-02,0.01
2015-07-03,ND
2015-07-06,0.01
2015-07-07,0.02
2015-07-08,0.02
2015-07-09,0.02
2015-07-10,0.01
2015-07-13,0.02
2015-07-14,0.03
2015-07-15,0.03
2015-07-16,0.03
2015-07-17,0.03
2015-07-20,0.03
2015-07-21,0.04
2015-07-22,0.04
2015-07-23,0.04
2015-07-24,0.04
2015-07-27,0.04
2015-07-28,0.05
2015-07-29,0.05
2015-07-30,0.05
2015-07-31,0.04
2015-08-03,0.02
2015-08-04,0.05
2015-08-05,0.05
2015-08-06,0.04
2015-08-07,0.03
2015-08-10,0.02
2015-08-11,0.06
2015-08-12,0.06
2015-08-13,0.06
2015-08-14,0.04
2015-08-17,0.02
2015-08-18,0.05
2015-08-19,0.05
2015-08-20,0.01
2015-08-21,0.02
2015-08-24,0.02
2015-08-25,0.04
2015-08-26,0.03
2015-08-27,0.02
2015-08-28,0.02
2015-08-31,0.00
2015-09-01,0.01
2015-09-02,0.01
2015-09-03,0.02
2015-09-04,0.02
2015-09-07,ND
2015-09-08,0.02
2015-09-09,0.02
2015-09-10,0.02
2015-09-11,0.04
2015-09-14,0.02
2015-09-15,0.00
2015-09-16,-0.01
2015-09-17,-0.01
2015-09-18,-0.01
2015-09-21,-0.01
2015-09-22,-0.02
2015-09-23,-0.03
2015-09-24,-0.03
2015-09-25,-0.02
2015-09-28,-0.02
2015-09-29,-0.01
2015-09-30,-0.02
2015-10-01,-0.01
2015-10-02,-0.02
2015-10-05,-0.02
2015-10-06,-0.01
2015-10-07,0.00
2015-10-08,-0.01
2015-10-09,0.01
2015-10-12,ND
2015-10-13,0.00
2015-10-14,0.00
2015-10-15,0.00
2015-10-16,0.03
2015-10-19,0.07
2015-10-20,0.08
2015-10-21,0.01
2015-10-22,0.02
2015-10-23,0.01
2015-10-26,0.01
2015-10-27,0.01
2015-10-28,0.03
2015-10-29,0.02
2015-10-30,0.01
2015-11-02,0.01
2015-11-03,0.07
2015-11-04,0.07
2015-11-05,0.04
2015-11-06,0.04
2015-11-09,0.05
2015-11-10,0.08
2015-11-11,ND
2015-11-12,0.08
2015-11-13,0.03
2015-11-16,0.04
2015-11-17,0.07
2015-11-18,0.07
2015-11-19,0.06
2015-11-20,0.05
2015-11-23,0.05
2015-11-24,0.13
2015-11-25,0.14
2015-11-26,ND